{"cameraMode":{"drawMode":0,"name":"Shaded","section":"Shading Mode"},"sceneLighting":true,"audioPlay":false,"sceneViewState":{"showFog":true,"showMaterialUpdate":false,"showSkybox":true,"showFlares":true,"showImageEffects":true,"showParticleSystems":true},"in2DMode":false,"pivot":{"x":3.8388586044311525,"y":6.456198215484619,"z":-0.46598556637763979},"rotation":{"x":0.24135780334472657,"y":-0.7459645867347717,"z":0.3524077534675598,"w":0.5110258460044861},"size":0.1548638939857483,"orthographic":false}