{"cameraMode":{"drawMode":0,"name":"Shaded","section":"Shading Mode"},"sceneLighting":true,"audioPlay":false,"sceneViewState":{"showFog":true,"showMaterialUpdate":false,"showSkybox":true,"showFlares":true,"showImageEffects":true,"showParticleSystems":true},"in2DMode":false,"pivot":{"x":-1.2891855239868165,"y":3.306877851486206,"z":-23.02486228942871},"rotation":{"x":-0.019805951043963434,"y":-0.015899021178483964,"z":0.0003149430558551103,"w":-0.9996777176856995},"size":1.837117314338684,"orthographic":false}