{"cameraMode":{"drawMode":0,"name":"Shaded","section":"Shading Mode"},"sceneLighting":false,"audioPlay":false,"sceneViewState":{"showFog":true,"showMaterialUpdate":false,"showSkybox":false,"showFlares":true,"showImageEffects":true,"showParticleSystems":true},"in2DMode":false,"pivot":{"x":5.960464477539063e-8,"y":0.8863580226898193,"z":-0.00444406270980835},"rotation":{"x":-0.013806171715259552,"y":0.021594222635030748,"z":-0.0002981706347782165,"w":-0.9996724128723145},"size":6.173489570617676,"orthographic":false}