{"cameraMode":{"drawMode":0,"name":"Shaded","section":"Shading Mode"},"sceneLighting":true,"audioPlay":false,"sceneViewState":{"showFog":true,"showMaterialUpdate":false,"showSkybox":true,"showFlares":true,"showImageEffects":true,"showParticleSystems":true},"in2DMode":false,"pivot":{"x":0.7163203954696655,"y":1.2947475910186768,"z":7.39743709564209},"rotation":{"x":-0.05576224625110626,"y":0.026053769513964654,"z":-0.0014550532214343548,"w":-0.9981045126914978},"size":10.0,"orthographic":false}