{"cameraMode":{"drawMode":0,"name":"Shaded","section":"Shading Mode"},"sceneLighting":true,"audioPlay":false,"sceneViewState":{"showFog":true,"showMaterialUpdate":false,"showSkybox":true,"showFlares":true,"showImageEffects":true,"showParticleSystems":true},"in2DMode":false,"pivot":{"x":-0.8267354965209961,"y":2.4474873542785646,"z":-6.212637901306152},"rotation":{"x":0.46678033471107485,"y":-0.49886828660964968,"z":0.36972594261169436,"w":0.6297985911369324},"size":2.9660251140594484,"orthographic":false}