{"cameraMode":{"drawMode":0,"name":"Shaded","section":"Shading Mode"},"sceneLighting":true,"audioPlay":false,"sceneViewState":{"showFog":true,"showMaterialUpdate":false,"showSkybox":true,"showFlares":true,"showImageEffects":true,"showParticleSystems":true},"in2DMode":false,"pivot":{"x":241.7146759033203,"y":7.679986953735352,"z":100.82986450195313},"rotation":{"x":0.017771407961845399,"y":-0.745773434638977,"z":-0.019909590482711793,"w":-0.6656727194786072},"size":0.8660253882408142,"orthographic":false}